id,Manager_first_name,Manager_ last_name,Location,storeNumber,Sales
1,Rodger,Orris,Sidaohezi,53462-003,982529
2,Anna,Gallone,Vilarelho,43063-230,522943
3,Eustacia,Paffett,Xinglong,55714-8009,734061
4,Sybila,Gregoire,Lishu,0069-2250,662535
5,Osbourne,Pinckney,Skatepark,67046-533,689833
6,Lauretta,Hazeltine,Kanoni,0173-0736,855897
7,Stephana,Fantham,El Paraíso,62756-368,566876
8,Gisella,Parkyn,Chiara,55154-1827,757473
9,Britney,Rock,Budapest,68786-232,610018
10,Noak,Raecroft,Letlhakeng,21695-694,609263
11,Ainslee,Mulhill,Knoxville,21695-719,525147
12,Leonie,Fri,Butare,59762-0156,852178
13,Powell,Seggie,Maykor,21695-518,676855
14,Tish,Boschmann,Altos,63629-4144,542532
15,Hilde,Bilam,Ágios Athanásios,0268-0942,689391
16,Roosevelt,Hurtic,Campo Grande,62257-576,651459
17,Dionisio,Rodrigo,Vänersborg,49035-928,563841
18,Jeanne,Pedrocco,Guararema,0378-2402,961213
19,Juditha,Thieme,Duodaoshi,0904-5924,674121
20,Desiri,Gruczka,Pushchino,52685-374,534749
21,Melitta,Dreigher,Haiyu,61314-245,673060
22,Fabiano,Keward,Santo Tomas,54473-221,652728
23,Krystal,Shuxsmith,Nova Granada,49288-0836,938578
24,Ogdon,Vankov,Del Pilar,55154-4055,736449
25,Julio,Bartkiewicz,Simpang,53346-1371,997771
26,Titus,Dingivan,Chengzi,53329-165,905388
27,Tamarah,Mutch,Mando,60429-104,722650
28,Renard,Spohrmann,Zhangjiawan,52584-072,748970
29,Leisha,Barratt,Kishorganj,0409-7121,913218
30,Had,Couling,Osvaldo Cruz,42248-129,505916
31,Johnath,Wetherill,Taiping,36987-2583,623338
32,Rita,Lejeune,Zhangpu,41190-619,603693
33,Aguie,Wombwell,Albany,11086-028,687010
34,Gleda,Cayet,Lebak Timur,42507-499,672700
35,Paulo,Andriesse,Khonj,36800-949,549328
36,Bobbee,Peoples,Mamanguape,54575-162,677099
37,Booth,Medforth,Keboncau,0067-4990,622807
38,Consuelo,Blankau,Trieste,0173-0394,976195
39,Tove,Phinnis,Polen,68047-252,994908
40,See,Richens,Shevchenkove,63629-1836,929537
41,Elias,Guilloud,Gunungmalang Satu,52584-092,857206
42,Shea,Janaszkiewicz,Barayong,57344-004,891610
43,Aurelie,Ianniello,La Uvita,10812-907,547595
44,Josephina,Glendenning,Kemijärvi,64092-115,661321
45,Dana,Grazier,Heyan,50914-7731,793136
46,Solly,Wordington,Lagoa,0591-1118,711502
47,Roana,Mowett,Huangtugang,68712-005,648902
48,Ty,Cosstick,Sūrān,54868-4988,900068
49,Ellsworth,Dabner,Rizal,24385-072,586698
50,Tommi,Theyer,Bao’an,64117-964,886791
51,Bryna,Robrose,Sinmak,52959-420,513077
52,Tiertza,Hankey,Staryy Merchyk,53645-1380,760797
53,Sacha,Bethune,Saga-shi,50730-8428,597478
54,Con,Whitelaw,Firá,53499-5971,630915
55,Kathye,Ormesher,Novallas,68084-423,527245
56,Jo,Simister,Saýat,30142-770,590202
57,Ken,Bonny,Umeå,24854-300,673523
58,Ailey,Dowers,Nesebar,0143-3141,986207
59,Carolyne,Borland,Trenton,24208-324,539549
60,Herbert,Botham,P’yŏngsŏng,0113-0763,888616
61,Rocky,Brouncker,Hostouň,10893-240,501230
62,Michal,Ruddock,Moyuan,63354-125,622851
63,Rafaelita,Wauchope,Taldan,10006-005,737299
64,Kristo,Dullaghan,Ami,49288-0116,895041
65,Buffy,Oldacres,Huanan,49502-605,586269
66,Venita,Pickerin,Laocheng,60793-526,805044
67,Elicia,Janout,Jilong,0132-0704,946590
68,Ernie,Helder,Nizhyn,40085-219,625344
69,Emalia,Culver,Baghlān,41167-0962,974228
70,Jacquie,Lampel,Ferraz de Vasconcelos,0944-2812,719335
71,Cordy,Josupeit,Ilandža,67996-938,945108
72,Linet,Roblett,Ar Ramthā,60505-0501,648163
73,Hurleigh,Raspin,Cizhu,0904-6172,513321
74,Blane,Stapleford,Tucaní,52915-020,566640
75,Florian,Salzberg,Pointe-à-Pitre,53057-002,806074
76,Leontyne,Blindt,Biograd na Moru,76420-765,606882
77,Afton,Garrelts,Savonranta,0527-1318,799410
78,Angelle,Morch,Colón,52204-114,654723
79,Chrissy,Romanin,Varėna,49349-165,889497
80,Susana,Phettiplace,La Unión,68026-523,863199
81,Albrecht,Cleynman,Vrbovec,0944-2964,685666
82,Phillida,Whyberd,Otra Banda,49288-0009,593136
83,Jed,Northley,Shuangcheng,37808-310,762607
84,Alistair,Alejandro,Coulommiers,0378-0347,964682
85,Nannette,Seyfart,São Vicente de Ferreira,49349-663,883754
86,Felisha,Sagerson,Zigong,55315-558,541683
87,Murray,Immins,San Patricio,54868-3524,909963
88,Harriett,Goodlake,Baimangpu,51125-006,778104
89,Brett,Whisby,Knoxville,55154-4235,895155
90,Dennison,Gomer,Pegões,57337-049,701605
91,Wells,Mollatt,Būrkah,63739-442,741766
92,Ignacio,Boyland,Gaoshi,41595-5523,781834
93,Bellina,Parlatt,Maebashi-shi,54838-552,728267
94,Adrian,Walentynowicz,Alegrete,64693-001,846689
95,Micheal,Umney,Krajan Siki,49781-061,544208
96,Iolande,Malser,Kebonan,37000-761,998723
97,Alonso,Lomb,Pu’er,10202-416,994686
98,Sosanna,Sattin,Petukhovo,61957-1202,590035
99,Lindsey,Lindeman,Kremidivka,13537-046,940279
100,Doralynne,Shearman,Awilega,52533-177,531151
101,Hagen,Savege,Chartres,35356-746,708292
102,Jodi,Kreber,Baiyinnuole,54868-6128,595783
103,Coop,Johns,Macapsing,52959-757,988503
104,Zorana,Baszkiewicz,Osvaldo Cruz,50523-739,548571
105,Ranna,Martinson,El Obeid,51270-114,583047
106,Karyn,Asche,Budakovo,54973-3188,500563
107,Hobie,Frowde,Ngadipuro,0832-1081,650117
108,Leah,Vigars,Acevedo,63868-107,730280
109,Loreen,Upstell,Shalqīya,55154-6775,567014
110,Patricia,Klima,Delvinë,54868-5085,676960
111,Hedvig,Glynn,Zambujeira,21695-783,750707
112,Elsbeth,Hutchcraft,Houston,68169-0094,731391
113,Gerome,Leafe,Itapetinga,54868-5112,584709
114,Stephanie,Emmatt,Al ‘Ayzarīyah,54569-5595,917218
115,Drucill,Hamp,Marston,49884-952,652836
116,Hiram,Hayball,Okahandja,50536-102,942386
117,Vivien,Andress,Bayt Sāḩūr,58411-208,837909
118,Devlin,Scarsbrick,Malya,50988-213,902019
119,Melitta,Clemmett,Pateh Sam,49035-276,859672
120,Salvidor,Yoodall,Zhangxiong,64159-7088,840608
121,Lin,Cerro,Batobato,66993-925,518420
122,Jessie,Farnish,Xinxing,67457-429,944250
123,Coretta,Mulvey,São Gonçalo do Sapucaí,62721-0214,765758
124,Sallyann,Kennard,Casillas,49288-0923,778893
125,Pablo,Cansdill,Ayní,59779-617,994373
126,Salomi,Hannabuss,Khŭjand,76470-006,505410
127,Tiena,Ransbury,Dongshandi,65954-023,526169
128,Harrietta,Scholey,Sujitan,58914-501,535519
129,Frank,Corder,Aveiras de Cima,36987-1773,794213
130,Caresa,Storror,Nueva Ocotepeque,50441-0002,830230
131,Seumas,McCuaig,Cololaca,55714-2204,652122
132,Lonni,Utting,Uwelini,0404-5991,865315
133,Nadean,Jirick,Porto Seguro,27854-101,550019
134,Hercule,Beardmore,Río de Jesús,61722-165,666548
135,Pepillo,Arkley,Mahendranagar,49288-0439,616648
136,Ebba,Klimus,Changbai,0135-0234,777165
137,Bearnard,Hadenton,Bureya,66403-315,996878
138,Zoe,Gregoli,Lesozavodsk,52533-105,928075
139,Aldo,Teodorski,Dapaong,58132-3331,628636
140,Barron,Gianni,Cigarogol,47682-237,983569
141,Elaine,Sylvester,Beihe,49291-0002,988776
142,Tiphanie,Discombe,Zhdanov,66302-310,903600
143,Lara,Barrus,Mzuzu,55319-141,667801
144,Dex,Ching,Guamo,63629-3552,756130
145,Trev,Aggs,Parys,0904-6341,787511
146,Katey,Vigar,Kan’onjichō,63629-1780,883195
147,Stacee,Lofty,Chorotis,76138-101,699233
148,Bran,Macey,Gävle,42291-110,745369
149,Phil,Nower,Prao,64725-0259,941338
150,Jacklin,Loude,Songkan,67253-013,714419
151,Gwendolyn,Laban,Xiangfu,68599-6113,606442
152,Hedy,Roaf,Batticaloa,57469-061,519964
153,Corey,Thomas,Junik,63868-995,792284
154,Jennee,Swapp,Pyhäntä,49035-244,635900
155,Modesta,Cowe,Vohibinany,65841-714,544676
156,Dur,Brunning,Verkhniy Avzyan,36987-1240,755468
157,Georgena,Routley,Valenciennes,22700-142,997110
158,Tybalt,Woolley,Pordapor Barat,0121-0727,885904
159,Candie,Garretson,Zhongxian,53807-220,829744
160,Michelle,Gunston,Bariri,52793-700,957059
161,Bar,Dockree,Krasnokholm,43419-707,723343
162,Johny,Baldacchino,Frederiksberg,55504-0300,895344
163,Cullan,Bilsborrow,Middelburg,0363-0706,914321
164,Orville,Domenichelli,Putrajaya,68645-455,883042
165,Edward,Brockington,Shu,41190-176,535454
166,Pattie,Elmar,Finspång,55154-1603,769494
167,Sydelle,Cockle,Outeiro de Polima,35356-772,650979
168,Christos,Klimecki,Emmen,0135-0531,522252
169,Winonah,Jealous,Novoishimskiy,49738-168,725271
170,Arly,Pollie,Kinalansan,55670-806,747398
171,Wenona,Northway,Nikhom Kham Soi,63323-660,869745
172,Ara,Abrahmson,Boende,59535-3801,991799
173,Sunny,Scoles,Pidhaytsi,0781-5051,647536
174,Izzy,Cleevely,Arroyo Salado,21695-087,853651
175,Rosalinda,Stegers,San Manuel,36987-3211,647104
176,Lucky,O' Timony,Tando Jām,36987-3112,615972
177,Vladamir,Plail,Chroustovice,10477-0805,894155
178,Callean,Hayter,Paso de Indios,51655-900,653548
179,Samuel,Reynoldson,Changbu,21695-193,775347
180,Babita,Rutledge,Tinambacan,21695-986,619157
181,Rudolfo,Dennitts,Batangan,10819-1080,564921
182,Orren,Willetts,Paracambi,35356-907,816933
183,Imogene,Mottram,Cikuning,43353-578,757966
184,Lenette,Markl,Guyi,0187-0659,505664
185,Olivette,Boissier,Fujinomiya,66220-729,672663
186,Kinna,Bullus,La Gi,37000-821,799627
187,Cammy,Smurthwaite,Minapan,42361-008,620896
188,Austina,Wimlett,Schieren,62032-112,888234
189,Hillary,Kirckman,Pendiqing,68210-1901,569585
190,Scottie,Voyce,‘Alī al Gharbī,55154-5088,832627
191,Hasty,Farington,Kinshasa,50436-6338,570083
192,Truda,Elis,Lyon,41190-432,904981
193,Normie,Booi,Salto de Pirapora,49643-344,818059
194,Meredith,Swinnard,Sacramento,0591-3205,765608
195,Lona,Terrell,Ceranów,55670-150,960545
196,Evelin,Hiers,Majennang,52533-157,869905
197,Bengt,Zipsell,Sydney,52389-161,565268
198,Don,Stittle,Fajã de Cima,49371-028,592365
199,Margalit,Loughton,Panan,62011-0013,924614
200,Grove,Gehrtz,Karangsono,54868-4107,860083
201,Yoshiko,Vosse,Perm,50474-700,535781
202,Beryl,Stentiford,São Jerônimo,24385-352,842882
203,Ronald,Sancto,Neryungri,42627-218,654979
204,Torrence,Lumbly,Banjar Batuaji Kaja,53329-140,960879
205,Cesar,Ledster,Komono,53462-927,682889
206,Zulema,Bridel,Santa Tecla,0093-7369,813515
207,Madelin,Mepham,Rancho Nuevo,50804-804,946028
208,Rosalind,Jiroutek,Gaza,49348-683,697252
209,Sofia,Bottom,Sandu,11673-962,626919
210,Fabian,Goulbourne,Soutelo,64616-039,711097
211,Lonny,Matresse,Nam Som,63777-314,722283
212,Dave,Iskowitz,San Francisco,52686-259,788745
213,Donny,Aldersey,Gonzalo,25373-103,982230
214,Alysa,Dockery,Gansa,0009-0233,740989
215,Kaile,Buckthought,Eldama Ravine,53808-0394,658959
216,Bette-ann,Dreigher,Ndom,67668-162,809645
217,Garek,Croose,Mashiko,60505-0260,696875
218,Ronny,Busfield,Peshtera,58118-0129,741644
219,Deny,Gard,Montréal-Ouest,42283-005,505124
220,Milo,Everest,La Unión,60760-385,866004
221,Laurent,Levane,Duitama,0268-1171,520284
222,Emogene,Crown,Kinalaglagan,34645-2308,610683
223,Mathilda,Lamminam,Mazongshan,36987-1819,996195
224,Ardyce,Goshawke,Taunan,65162-515,769995
225,Jonas,McCullouch,Aras-asan,41190-931,848843
226,Pietro,Slyford,Nkpor,49884-251,934238
227,Annmaria,Elcoate,Anxi,64117-912,522511
228,Shela,Benedicte,Krajan Caluk,66116-393,713463
229,Berk,Stobbs,Huangmao,60951-712,962251
230,Issie,Blackhall,Örebro,42507-131,768894
231,Karalynn,Killerby,Ladhewāla Warāich,51367-010,554756
232,Talya,Geertsen,Oslo,0409-6779,857990
233,Audi,Attrill,Guayabo Dulce,43857-0179,828515
234,Chadd,Castledine,Ungheni,15127-335,703162
235,Annetta,Gutans,Višňové,0067-0117,592603
236,Nolly,Calf,São Lourenço do Sul,42507-908,939870
237,Rufe,Zold,Dmanisi,50436-3986,798299
238,Barbabas,Puckinghorne,Chernyshevsk,62175-114,923915
239,Andie,Sherry,Lukou,0268-6670,502258
240,Darya,Capel,Donglu,68682-521,565402
241,Doralynn,Rolse,Kävlinge,0280-7180,827019
242,Bibbie,Kesby,Wonopringgo,21695-568,579024
243,Mandie,Suerz,Samut Prakan,10189-001,649468
244,Dew,Wykey,Chengxiang,59115-088,539665
245,Arda,De Cruz,Tangtu,0869-0664,784758
246,Tallie,Kahler,Gar,49288-0416,518492
247,Minnie,Winteringham,Los Ángeles,63323-211,953478
248,Enoch,Barajas,Aygepat,21220-121,680392
249,Elladine,Flanagan,Malo,50419-115,895168
250,Bobina,Halladay,Iporá,10544-773,712582
251,Homer,Lummis,Tanjungluar,58930-032,812970
252,Charlot,Dightham,Ubajami,0046-0872,870814
253,Starla,Grasser,Ibarra,16714-695,937372
254,Liuka,Blackhurst,Taiobeiras,53808-0315,670194
255,Collette,Sexon,Jequitinhonha,55150-169,836753
256,Ricky,Mendus,Norwalk,36987-1732,967033
257,Sukey,Pinchon,Radojevo,11716-7901,802815
258,Ulrike,Geall,Sancha,55154-4608,732773
259,Morse,Scoble,Sawahan,57955-4000,992735
260,Louella,Krollmann,Nova Russas,68726-169,825686
261,Valerie,Botting,La Esperanza,64117-102,604107
262,Nanine,Figge,Houzhai,63739-482,587557
263,Inez,Hanaby,Bato,52125-825,819718
264,Griffy,Piotr,Runaway Bay,43857-0259,883632
265,Myrtia,Clarson,Ecroignard,50474-710,522045
266,Gabriel,Belt,Tianhe,0187-5479,947968
267,Pattie,Dimitriades,Sheffield,52125-213,558908
268,Amos,Sara,Stockholm,43353-773,699981
269,Willy,Dudny,Ivanishchi,14505-399,804063
270,Cleopatra,Janousek,Montigny-lès-Metz,0062-0165,511471
271,Burnaby,Tritton,Yuqian,41163-449,535927
272,Kellyann,Wurz,Charlesland,48951-4062,691678
273,Adela,Mundow,Shuangshi,53808-0162,982551
274,Victor,Abthorpe,Zheleznodorozhnyy,42254-110,932406
275,Dion,Oliveira,Masjid,29485-1073,961039
276,Cirstoforo,Broek,Gudurica,66428-006,749399
277,Megan,Stigger,Kuanda,49817-1998,699177
278,Ibrahim,Armytage,San Gil,0781-1030,711165
279,Livia,Gellately,Liqizhuang,48951-5076,686486
280,Nels,Mc Gorley,Bronnitsy,62584-046,565421
281,Bret,Schuck,Nema,64893-500,894098
282,Budd,Potteridge,Quilmaná,68400-352,622325
283,Grazia,Jowett,Amouguer,10526-003,625065
284,Mala,Sigart,Jinrui,0527-1396,770723
285,Renee,Torricina,Fujiayan,43353-858,904711
286,Julietta,Berrygun,Waśniów,33992-1136,861213
287,Di,Grief,Xuri,55289-158,685572
288,Rozele,Ducarne,Youwarou,16714-032,809140
289,Briano,Siene,Zhaitou,43269-900,570740
290,Micky,McTague,Zengfu,48951-2058,580163
291,Gillan,Gendrich,Landim,52584-517,851349
292,Adore,Tuftin,Campamento,55648-771,715080
293,Lisle,Woodfin,Pursat,65517-1000,708596
294,Mable,Trewinnard,Mionica,53217-012,869312
295,Anthea,Henken,Pingli,57520-0474,840326
296,Theresita,Latek,Porvenir,57237-070,508956
297,Dalt,Dabes,Ypacarai,52685-429,564269
298,Estevan,Kale,Jinnan,52685-395,991137
299,Shelley,Kermode,Stockholm,0378-4490,617522
300,Leland,Code,Los Andes,54868-2276,866267
301,Bartlett,Shemmans,Krajan Satu,36800-912,925761
302,Van,Kubach,Lubenia,0944-2833,888789
303,Theo,Aartsen,Zhenping Chengguanzhen,0179-0039,920558
304,Zilvia,Etheredge,Yazd,68400-850,824679
305,Neill,Santen,Koumac,50114-7004,853159
306,Britteny,Scolding,Chunyang,55714-2219,997666
307,Donnamarie,Speer,Hrvatska Kostajnica,13811-583,691335
308,Inness,Fenemore,Shangrao,0054-0046,715694
309,Yale,Roseman,Bestovje,49349-420,567040
310,Vern,Merrigan,Taozhou,51060-058,858633
311,Ysabel,Rowbottam,Hatavch,10237-805,976593
312,Allison,Paolinelli,Chaoyang,0179-0016,987495
313,Washington,Ashwell,Cajacay,61578-204,717235
314,Angie,Schoffel,Lamotrek,62032-102,819774
315,Delores,Engel,Venda Nova,36987-3173,575915
316,Christan,Laurenson,São João dos Patos,55154-3727,854974
317,Yvor,Red,Néo Psychikó,42291-239,918806
318,Carleen,Larby,Banatsko Karađorđevo,68428-007,687012
319,Wright,Brunesco,Nanaimo,66382-004,755182
320,Rodie,Fuentez,Pamoyanan,0703-5051,933827
321,Garnette,Chazelas,Shimo-furano,66530-256,651686
322,Fergus,Avesque,Barranqueras,54575-443,608175
323,Salome,Carnier,Ōtawara,68026-342,573793
324,Torrie,Youhill,Longbei,54575-362,695543
325,Emilie,Barrar,Condado,49348-063,674025
326,Viviana,Arundel,Khoa,54575-212,741863
327,Phaidra,Cranston,Betioky,14550-518,952674
328,Sibyl,Skittrell,Berlin,11822-9008,908231
329,Lew,Kornes,Varkaus,54868-2539,768543
330,Elsi,Fruser,Tonjongsari,67877-242,924227
331,Lanae,Arnaudon,Cesson-Sévigné,55154-2368,707921
332,Guglielmo,Greenside,Pancas,0023-9201,777277
333,Philippine,Pasticznyk,Nishi-Tokyo-shi,65954-022,851652
334,Guthry,Raddin,Rejoyoso,52584-015,776449
335,Tiebout,Echalie,Salaza,40104-352,750833
336,Everard,Gregoriou,Xuexi,42507-666,632251
337,Petronille,McConville,Fuliang,55312-296,881189
338,Remy,Duncan,Shimeitang,0143-9581,833811
339,Huntley,Normanvill,Hekou,51285-963,867489
340,Marin,Goodyer,Merrifield,10144-928,763318
341,Ethelind,Streetfield,Calçada,68428-731,708394
342,Bruce,Glozman,Xinchengpu,62670-4245,565149
343,Adelice,Klossmann,Mīāndoāb,55910-034,802055
344,Gardener,Spratt,Cabo de Vila,51785-921,638035
345,Noe,Bridywater,Candelária,0074-3797,858967
346,Tiler,Kilduff,Orocuina,64942-1158,505717
347,Henrie,Pikhno,Luxi,49781-095,687516
348,Loralee,Arson,Mangochi,21695-035,911376
349,Britteny,Matias,Jiazi,68094-752,557016
350,Percy,Jeannequin,Barrunchal,76119-1326,545122
351,Mar,Daville,Chengnan,49349-066,966756
352,Tab,Francescozzi,União dos Palmares,63402-513,827074
353,Cyndia,Head,Oslo,13668-343,654589
354,Shaun,Blackler,Hisor,57520-0151,950783
355,Cornela,Hoyes,Spartanburg,63654-500,716204
356,Mannie,Kleynen,Nguigmi,68391-300,931511
357,Julieta,Curds,Växjö,36987-2574,868453
358,Arlette,MacTurlough,Enköping,55714-4627,701330
359,Virge,Anselm,Shaxi,0942-6317,550444
360,Faun,Lower,Bonao,63868-125,551747
361,Cheslie,Mulder,Huanfeng,56153-003,812701
362,Si,Grattan,Belozërsk,52686-297,511011
363,Bab,Brickell,Thới Bình,0179-0151,725503
364,Luther,Riping,Bègles,61047-811,953060
365,Chrysler,Baxster,Oesapa,58411-211,805951
366,Laurent,Eunson,Färjestaden,65055-301,957273
367,Stanly,Cathrae,Wenjī,0113-0166,592164
368,Miriam,Gelder,Qārah,0093-0149,549889
369,Eloise,Leyman,Kufayrit,54868-4556,992881
370,Bonnibelle,Handrick,El Rincón,55154-1391,675296
371,Toiboid,Hawkswell,Promyshlennovskiy,37000-389,958557
372,Glori,Maytom,Göteborg,55154-5386,766350
373,Willamina,Hatton,Huangzhai,36987-2186,651558
374,Kerianne,Inglese,Dengzhuang,51079-974,918839
375,Nance,Gadney,Nanzhihui,11822-8270,845871
376,Susana,Tiuit,Zmijavci,55301-013,972069
377,Annette,Hamlet,Loga,55154-1813,920019
378,Eduard,Martyns,Dębica,65293-413,945199
379,Bryan,Clever,Bode Sadu,16714-305,929670
380,Ronny,Roalfe,Kamyanyuki,63629-1596,859620
381,Bordie,Dimbylow,Tadmur,0487-9701,963744
382,Darsie,Decayette,Bugene,63304-239,730889
383,Tasha,Attawell,At Taḩālif,0065-0092,665629
384,La verne,Moulden,El Cerrito,23155-214,528038
385,Jerrie,Andrzejowski,Tiandeng,0591-0371,848832
386,Jilli,Blencowe,Topolovgrad,36800-602,515734
387,Pauly,Kemmey,Hilversum,36987-2173,930317
388,Elmira,Caddens,Koz’modem’yansk,55312-000,794042
389,Chicky,Broomhall,Proletar,50436-8700,914240
390,Lanae,Canario,Baimajing,49884-259,833103
391,Shamus,Cayton,Kamyanyets,33261-463,998261
392,Prentiss,Gooderham,Huacheng,65111-005,543955
393,Dale,Rivers,Pinglumiao,55289-119,851090
394,Hildagarde,O'Mahoney,Weston,62037-700,537965
395,Joleen,Gladwell,Changsheng,64117-289,629699
396,Lynnett,Naris,Changting,47593-503,860947
397,Caron,Philbin,Xikou,14783-256,559986
398,Roxanne,Donnachie,Vilppula,0904-5513,531645
399,Currey,Manilow,Kurjan,35356-866,647189
400,Karrie,Tropman,Hurghada,64205-640,881701
401,Katy,McColgan,Ageoshimo,61919-773,655498
402,Garret,Ferryman,Las Ánimas,48951-3113,776820
403,Thorpe,Greatbank,Liverpool,10237-703,961543
404,Mil,Chapiro,Tanenofunan,54868-6293,546711
405,Theresa,Davidek,Bato,55289-997,884314
406,Eugene,Morton,Borås,0220-1106,903466
407,Shoshana,Tregoning,Trà My,49430-046,628811
408,Sterne,Tregona,Zyryanovsk,37205-337,882101
409,Corrie,Lampel,Qingtaiping,60505-0213,659937
410,Amity,Arnaudet,Karangmulya,54162-006,760872
411,Libbey,Couch,Niederanven,53208-410,745981
412,Valeda,Ivison,Coruripe,0409-7113,600055
413,Nananne,Emmerson,Ambatondrazaka,58633-233,797622
414,Joann,Blackstone,Sölvesborg,30142-242,695951
415,Annetta,Patinkin,Balboa,37205-850,566818
416,Reynolds,Sellers,Campinho,54569-4781,957860
417,Bobbette,Morse,Stockholm,64725-0136,677296
418,Karim,Offin,Talok,0085-0314,924533
419,Omero,Aldhous,Driyorejo,0270-1317,777103
420,Prudence,Foux,San Vicente,0615-7661,924243
421,Aigneis,Spinella,Kasamatsuchō,48951-1123,885620
422,Miller,Hakking,Mersa Matruh,10812-344,968986
423,Cary,Vokes,Cuozhou,68462-565,967564
424,Natka,Bramhall,Igreja,60681-6303,515532
425,Gare,Hackford,Chernelytsya,42192-706,632428
426,Alva,Blackbrough,Taytayan,49349-495,876576
427,Timotheus,Waszkiewicz,Tokyo,67979-002,661562
428,Gustav,Churchill,Hisya,63187-128,688669
429,Franchot,Aguilar,Lamarosa,23155-244,850405
430,Evelyn,Wildbore,Prnjavor,64092-115,716714
431,Tam,McCorley,Pérama,58118-5560,677254
432,Hermia,Buglar,Thouars,0409-1886,798377
433,Hermie,Towlson,Liujiachang,43547-275,841999
434,Fidelio,Petche,Cibeureum,0093-8238,837832
435,Selene,Meake,Sancang,60429-153,716556
436,Kelcy,D'Elia,Nantes,60512-0012,839822
437,Consolata,Ortner,Naikolan,42291-689,666659
438,Tabby,Brandrick,Khulna,49035-390,544615
439,Adrien,Nairn,Teknāf,21695-115,610760
440,Darcey,Noice,Tambov,49288-0291,737053
441,Maxim,Clackson,Anuradhapura,49483-054,724673
442,Bambi,Jennick,Sukasetia,43857-0107,601460
443,Lanna,Cornborough,Dadong,68196-600,864944
444,Jocelyn,McKellar,Beloostrov,0003-0852,801646
445,Dionysus,Brosio,Zongjia,49884-830,660781
446,Oralla,O'Callaghan,Al Kiswah,67938-0938,910514
447,Shaylah,Flott,Marston,41190-296,830428
448,Tierney,Briddle,Satun,11410-162,567759
449,Maisey,Balaisot,Ludvika,60951-186,812423
450,Zsa zsa,Masse,Hernández,55154-5063,741306
451,Richardo,Ahlin,Xinbao,0591-0408,755457
452,Karita,Edeler,Dorupare,21695-816,516636
453,Patsy,FitzAlan,Bayt Ta‘mar,55910-988,730964
454,Anett,Gowdy,Pokrovskoye,0363-0911,632849
455,Hurley,Chrichton,Imishli,61515-103,644181
456,Timoteo,Paprotny,Tambobamba,21130-742,501541
457,Charmaine,Lempel,Sundbyberg,36987-2299,556562
458,Elliot,Filipson,Baishi,43074-111,635642
459,Nicolette,Proudman,Kaseda-shirakame,52533-006,970368
460,Arch,Pitone,Melchor de Mencos,52959-984,967916
461,Izzy,Grenshiels,Pasadena,68774-401,735716
462,Zelma,Folbige,Ban Chang,60429-510,883006
463,Laurie,Adamik,Ebebiyin,64205-225,529673
464,Jilly,Hort,Buyun,55154-1584,814294
465,Clark,Sheerman,Rossosh’,63629-3354,638926
466,Gustaf,Nasey,Novaya Lyalya,0904-5187,504230
467,Michale,Grzegorzewski,Lluidas Vale,11716-1189,588331
468,Alexandrina,Poure,Las Animas,0378-0183,884321
469,Celka,Thistleton,Rawang,41190-368,688364
470,Hedvige,Pady,Anzhero-Sudzhensk,53401-301,522384
471,Andra,Olive,Jiaocun,42254-196,547296
472,Virge,Abrahamsson,San Roque,0378-0147,563657
473,Karissa,Hincham,Xifengshan,43269-814,853799
474,Hernando,Goodredge,Luoxiong,0409-4777,850350
475,Luis,Drinnan,Huangzhawan,0781-3052,770734
476,Helga,Goodreid,Carmen,67296-0658,973479
477,Roxana,Girkins,Kulutan,0942-9395,744556
478,Beilul,Kiddle,Hetang,46122-138,870470
479,Madonna,Mohun,Lewoluo,49614-412,532465
480,Griff,Scrymgeour,Bébédja,63739-475,560139
481,Araldo,Andriss,Urozhaynoye,53329-066,846007
482,Dorris,Dinnage,Villa Urquiza,0173-0776,805487
483,Eli,Brindley,Fonadhoo,50436-1331,869291
484,Susan,Symers,Quintas,24854-300,960443
485,Lyndsey,Strickler,Tamansari,55154-1186,619374
486,Kennan,Iggalden,Chiriguaná,72036-220,727928
487,Dorian,Flatley,Yushugou,41167-0105,592759
488,Salvatore,Peaseman,Pirallahı,36987-2661,935775
489,Michelina,Tate,San Miguel,62080-5001,782113
490,Rufus,Huntingdon,Ouégoa,66116-508,555949
491,Thornie,Lepope,Lajeosa do Mondego,30142-911,631753
492,Roxane,Meere,Wanrongjiang,57955-5319,712983
493,Sauncho,Burhill,Ludwigshafen am Rhein,11086-028,887761
494,Loralee,Crewe,Olleros,54569-1712,977826
495,Clywd,Sprott,Yandian,49738-109,685254
496,Clarita,Fairfoull,Kibiti,47219-201,709067
497,Jacquenetta,Castelow,Teresópolis,68084-041,619221
498,Carling,Malitrott,Comandante Fontana,64942-1152,764467
499,Nadiya,Glover,Muesanaik,68151-1742,567522
500,Jaimie,Agronski,Plumtree,44911-0038,931954
501,Roman,Ridgwell,Pancalan,54575-348,649507
502,Jayne,Hulls,Tulsīpur,12830-767,994470
503,Roobbie,Ethridge,Kankara,51079-764,565620
504,Harrietta,Cowin,Töreboda,55312-950,794163
505,Esma,Paddie,Mindyak,36987-2892,608819
506,Amberly,Mullinger,Krajan Sumurtawang,51389-110,772410
507,Garrard,Ashfull,Bralin,16590-598,637893
508,Arlen,Carradice,Mosteiros,66761-311,575384
509,Charlean,Pattemore,Vasyshcheve,55154-6292,765035
510,Babara,Gethen,Dzhankoy,67938-0990,972641
511,Martie,Fink,Cankova,61748-205,511434
512,Theresa,Stiant,Sarpang,70253-470,856405
513,Saul,Ravenscroft,Bulianhe,63187-027,939663
514,Ryley,Frude,Qiaoyi,55316-871,676996
515,Ulric,Johann,Laprida,10671-101,838890
516,Ardelia,Tatteshall,Sibulan,59535-5301,545843
517,Galen,Gisborne,Anderstorp,36987-3326,733476
518,Fabe,Mushett,Ueda,44781-180,618392
519,Lucas,Pluthero,Pipa,35356-905,658136
520,Lewie,Stenning,Pamatang,33261-766,681894
521,Naoma,Whistlecroft,Smyshlyayevka,68391-484,541473
522,Inesita,Mavin,Burgau,63304-621,990179
523,Florella,Follin,Ecroignard,0009-3375,646374
524,Angelina,Aberkirder,Jōetsu,63304-163,583664
525,Josh,Kinnoch,Sitiarjo,49288-0426,953444
526,Tammi,Hilbourne,Wucheng,36987-1161,614094
527,Wang,Poulsen,Hisai,10191-1457,521029
528,Yoshiko,Swettenham,Sosnowiec,55316-243,506624
529,Paxton,Lune,Tagana-an,68791-103,669501
530,Marietta,Sisnett,San Jose,0009-0698,730098
531,Elene,Petrashkov,Chibombo,44237-016,904626
532,Lester,Latehouse,Telpaneca,61919-103,553761
533,Aidan,Salerno,Chişinău,10812-849,803736
534,Fee,Lavens,Xinxing,57520-0248,670424
535,Tadd,Kobiela,Aricagua,30142-897,658068
536,Noelyn,Berr,Ust’-Izhora,31720-213,609821
537,Neille,Dunlop,Danané,42254-028,979050
538,Leigh,Serfati,Krajan Satu,0113-0299,582112
539,Danny,Shellibeer,Zambrów,0517-0101,563099
540,Hedi,Mabley,Ibagué,47593-190,590450
541,Sheelagh,Benford,Anyama,23647-002,588934
542,Gregoire,Bartel,Bol’shoy Kamen’,55289-895,909465
543,Desirae,Sapena,Masarayao,49230-191,580083
544,Farleigh,Pittet,Era,65293-411,815462
545,Tuesday,Coomber,Zhongxing,10819-3912,726944
546,Carson,Lonnon,Nizhnyaya Maktama,54458-930,963195
547,Micky,Meachem,Pengshi,36987-3009,891363
548,Dolly,Pattle,Sibay,37808-144,839834
549,Agnella,Stoddard,Duque de Caxias,51668-403,660001
550,Wandis,Doonican,Těšetice,68400-122,986065
551,Cordi,Jenney,Liulihe,57627-154,667115
552,Chrissie,Steventon,Zhendeqiao,68428-156,591564
553,Ranee,Diprose,Penha,43772-0006,860955
554,Isadore,Ravilious,Şalākhid,49288-0700,852901
555,Sanford,Lotze,Riangbaring,24236-439,989270
556,Riley,Kittle,Chavão,0024-5421,717036
557,Gabe,Olyfat,Gandra,67510-0005,694564
558,Lanita,Mattiuzzi,Palaiseau,68084-490,861783
559,Parrnell,Phorsby,Chīchāwatni,60716-040,997391
560,Kurtis,Rustman,Kebonagung,50554-005,757587
561,Hugibert,Stanner,Qingzhou,55566-7185,893228
562,Otto,Sibbald,Saint-Claude,50353-100,607076
563,Zara,Graeme,København,0378-9122,509175
564,Jolynn,Ewence,Myronivka,67938-2030,507075
565,Faith,Tomsa,Impalutao,55714-4458,746787
566,Sabina,Hatt,Tubajon,52664-009,745362
567,Red,Markwick,Leubatang,49035-404,500521
568,Aprilette,Baskwell,Vsevolozhsk,0409-4170,704899
569,Vail,Zanicchelli,Tyret’ Pervaya,54868-4244,802145
570,Fabian,Capstick,Selydove,49288-0743,618756
571,Mike,McTurk,Caibiran,53808-0419,953648
572,Osborn,Burchfield,Xiangzhu,52125-525,832550
573,Rainer,Bing,Sariwŏn,36987-3207,956880
574,Thain,Finnimore,Santa Cruz,0378-6510,724574
575,Bat,Strevens,Cabalaoangan,0615-5530,522352
576,Lemuel,Braidon,Tô Hạp,54868-4812,781054
577,Bealle,Kalinsky,Shuangjing,50458-647,514270
578,Chauncey,Wakes,Yamen,29500-7020,709504
579,Melissa,Muglestone,Grande Prairie,65862-420,733001
580,Stephi,Antonovic,Utrecht (stad),0904-6279,676340
581,Jolyn,Meneghelli,Punta de Piedra,0363-4008,544073
582,Caz,Sagrott,Borgustanskaya,59039-001,657879
583,Cloris,Woliter,Trélazé,0268-1188,839026
584,Austine,Pilling,Yuyangguan,50967-126,850832
585,Roderich,MacGuffog,Ganjur,48951-3112,800733
586,Marje,Lemmanbie,Fès,0781-3124,577913
587,Jinny,Seide,Altuf’yevskiy,0472-1326,676308
588,Pepi,Wiseman,Belajen,63776-653,815802
589,King,Freckleton,Mitú,42495-170,984634
590,Gustavo,Broggelli,Boychinovtsi,53746-077,574998
591,Maddalena,Gerlts,Tenja,0187-2303,604661
592,Corabelle,Addington,Taihe,0003-0855,894250
593,Lisa,Boag,Kampong Speu,42507-922,603162
594,Craig,Caze,Nantes,60429-712,572346
595,Pearl,Macro,Abreus,66078-440,643600
596,Bernete,Ledram,Şirrīn ash Shamālīyah,36987-3056,699568
597,Vivyan,McGown,Gołkowice,0186-0743,614787
598,Jasun,Born,Esso,0067-4000,914843
599,Briney,Ottosen,Birigui,0536-0825,800825
600,Bridgette,Sarvar,Safi,68428-027,719138
601,Nolana,Halladey,Xinhua,41520-620,578746
602,Tedmund,Billo,Pitalito,59351-0329,861463
603,Gilles,Sheaber,Soacha,43406-0048,892564
604,Nate,Flory,Zhongnan,49884-258,750259
605,Ondrea,Bidmead,Sysert’,67046-230,815025
606,Zorine,Foot,Nampicuan,49288-0326,949344
607,Rube,Gravell,Tall Tamr,66949-874,942248
608,Tori,Petrenko,Boticas,72036-223,925691
609,Druci,Coo,San Carlos de Bariloche,0378-2015,918239
610,Danell,Kevlin,Bolondrón,49981-004,820433
611,Nickie,Cholomin,Tampocon,55154-5377,964483
612,Kerwinn,Paulsson,Uherské Hradiště,61703-323,986575
613,Samson,Cairns,Tashang,54569-2509,681574
614,Amalita,Bignell,Providencia,55111-695,664498
615,Aubry,Paice,Bodĭ,49035-206,982333
616,Gardner,Ervine,Curepipe,0615-7567,847993
617,Yule,Fletcher,Seboruco,49349-990,967268
618,Gretal,Weller,Yangfeng,30142-130,871631
619,Augustina,Langfitt,Kostanay,55714-4593,851477
620,Harli,Showers,Rtyně v Podkrkonoší,66184-110,649191
621,Valma,Dahlback,Caibarién,0904-3006,505603
622,Catharine,Blakeley,Kuala Lumpur,11673-080,513151
623,Hanni,Cainey,Wenfu,51079-067,668238
624,Olivero,Dailey,Turi,36987-1109,846566
625,Kaitlyn,Gaine of England,Moorreesburg,37012-227,853036
626,Granny,Spary,Solnechnoye,59762-2310,595118
627,Andra,Mc Carroll,Si Wilai,55154-1953,990282
628,Consuelo,Elsmore,Saint-Laurent-Blangy,12634-786,797571
629,Penelope,Tissier,Tambarangan,53808-0786,569357
630,Olga,Benet,San Miguel Dueñas,61577-2301,789976
631,Derward,O'Fairy,Dankama,0603-6135,793616
632,Marlow,Gall,Dame-Marie,24090-496,839258
633,Brose,Hallex,Montalegre,14743-085,578471
634,Thoma,Irdale,Yancheng,59762-0119,691500
635,Rowland,Bestiman,Qilin,45802-038,989291
636,Fidelia,Bradden,Linköping,12488-2000,896294
637,Elvina,Bonaire,Vänersborg,43419-302,706040
638,Berty,Sharer,Druju,0904-5850,856674
639,Garwood,Standidge,Nantes,50972-273,516089
640,Mirabelle,Alfonzo,Vallenar,11084-200,631926
641,Merrick,Realph,Łęki,59011-430,822071
642,Ross,Ballard,Askim,0078-0628,510021
643,Abba,Samwyse,Hřebeč,55289-172,734309
644,Odele,Jessop,Newala Kisimani,11410-004,931690
645,Wallie,Witcombe,Hengshan,63354-292,511721
646,Della,Sunnex,Bingfang,49999-227,789247
647,Gloriana,Crookshank,Kura,50458-604,500571
648,Chucho,Penketh,Atsipópoulon,58668-0351,665764
649,Skelly,Zannolli,Annecy,0024-0335,994457
650,Esme,Fairlamb,Energeticheskiy,24909-301,670672
651,Sasha,Alves,Heshui,63981-159,944162
652,Johann,Cockerell,At Tall al Kabīr,67172-696,753609
653,Vittorio,Giacomoni,Even Yehuda,55289-099,956827
654,Eadmund,Insull,Weetombo,60760-978,769912
655,Goddart,Rought,Balzan,59667-0030,834994
656,Brendin,Zanelli,Taytayan,0143-9717,545922
657,Gabriella,Dogerty,Xinquansi,36987-1932,881855
658,Bebe,Durrington,Yangdenghu,13537-214,639245
659,Silvio,Lace,Fuenlabrada,52188-515,939328
660,Haze,Chatband,Tarui,54569-0005,985858
661,Aylmar,Mosey,Próchoma,55670-141,947258
662,Carrie,Larcier,Khulm,64725-0170,792635
663,Tillie,Gervaise,Wadung,56062-458,574630
664,Obadias,Wrack,Embarcación,0054-3177,749809
665,Cody,Watsam,Sośno,0007-4887,870928
666,Janeta,Bettridge,Kuching,43547-337,539896
667,Waylon,Humburton,Tennō,55312-766,960008
668,Jacquette,Valsler,Brampton,0009-3381,586489
669,Elva,Maseyk,Kouloúra,50222-342,579478
670,Heall,Roddie,Syktyvkar,51079-587,584088
671,Vern,Scryne,Hrvatska Kostajnica,48951-5048,776356
672,Kirsteni,Covotti,Fox Creek,41250-620,958189
673,Calida,Burnapp,Qiting,57664-745,831624
674,Shaun,Wybron,Baykonyr,16252-536,872810
675,Jermaine,O'Hollegan,Ludu,51367-005,960290
676,Coralie,Lant,Timezgadiouine,48951-8223,732811
677,Guthrey,Chicco,Xinquan,55154-6245,896016
678,Shepard,Frankowski,Všeruby,67046-132,515545
679,Chickie,Heinig,Brusque,49288-0425,956974
680,Koralle,Ales0,Novoishimskiy,57716-001,746091
681,Ana,Gremain,Kaeng Khro,0781-1764,680008
682,Tann,Wyllcock,New Haven,11673-061,573867
683,Rogerio,Wingeatt,Pulupandan,47682-010,933932
684,Olag,Searchfield,Zhob,43742-0299,792925
685,Jose,Ballefant,Mizhou,49348-790,554401
686,Thurstan,Treadgall,Sergio Osmeña Sr,11410-810,684297
687,Tommie,Laddle,Blimbing,67544-570,947576
688,Tan,Marcu,Granica,16729-153,778865
689,Sigismondo,McCullough,Akarakar,49944-010,544827
690,Marlee,Ross,Paços,55319-224,720995
691,Xymenes,Siene,Dengok,0378-1171,600486
692,Renie,Burchfield,Kertanegla,51630-004,723126
693,Herminia,Linnit,Urus-Martan,63629-1359,669446
694,Merry,Sherrell,Talin Hiag,52125-769,987649
695,Alta,Eglaise,São Pedro,54057-681,719756
696,Townsend,Vakhonin,Hamamatsu,0052-0308,982276
697,Osmund,Denson,Minakuchi,55346-0412,736250
698,Stormy,Lassen,Ouranoupolis,36987-1536,508022
699,Nikos,Hixley,Säter,0268-1605,686288
700,Eleonora,Fauguel,Tangnan,47682-088,567202
701,Shell,Neissen,Niort,55910-438,987438
702,Elsbeth,Pagelsen,Baiquan,64720-333,819921
703,Arleyne,Reeson,Posedarje,55289-692,923211
704,Durant,Aronov,Omaha,0574-4190,760399
705,Carver,Willcocks,Ramat Gan,68258-3024,840155
706,Marni,Berrecloth,San Francisco,57520-0036,660365
707,Sheff,Dohmer,Vyšší Brod,53208-446,601900
708,Josias,D' Angelo,Esmoriz,98132-893,955558
709,Auroora,Bantham,Shanggan,60505-2850,628419
710,Bern,Este,Cielądz,0054-3721,539561
711,Germaine,Jenkinson,San Isidro,49643-345,681131
712,Coralyn,Darrigone,Orléans,0003-0852,619509
713,Mia,Timoney,Zmiennica,52007-240,905480
714,Liv,Kenworthey,Salakuray,50580-779,910803
715,Harwell,Monkleigh,Gading,50436-3332,865661
716,Hamid,MacCaughey,Colesberg,36987-1422,990723
717,Raynell,Luca,João Câmara,52125-384,728594
718,Hanson,Dakhno,Tsiombe,42192-104,772375
719,Sheffield,McGebenay,La Foa,61601-1116,986660
720,Quincy,Atto,Lubuk Sikaping,55319-005,739796
721,Riva,Daice,Tālīn,76237-224,683101
722,Gage,Abys,Vila do Bispo,68479-216,846744
723,Carl,MacGruer,Lom Kao,49035-471,719959
724,Isadore,De Pietri,Xarrë,68016-104,923903
725,Riobard,Yurenin,Paragominas,57844-323,931856
726,Karie,Staning,Shanxi,11523-7363,812130
727,Arlina,Mouland,Lau,0781-9302,795940
728,Werner,Castagnasso,Tutayev,41163-050,906990
729,Tanny,Culbard,Basar,0699-7071,549529
730,Kathryn,Strognell,Dubno,49288-0011,904319
731,Burlie,Kaiser,Vandœuvre-lès-Nancy,68788-9041,921291
732,Austin,Lempertz,San José Acatempa,41520-896,763185
733,Mort,Lander,Bogotá,68084-179,820876
734,Florette,Jenking,Sainte-Martine,34362-0235,574717
735,Kaylil,Ballchin,Sirājganj,17856-0823,709534
736,Allard,Burstow,Mirny,0024-5841,763915
737,Juliet,Searchfield,Jincheng,0065-0085,703174
738,Livvyy,McLemon,København,59262-240,810268
739,Ramsey,Trynor,Sasaguri,49349-176,957369
740,Stefan,Redferne,Xylotymbou,36987-3066,907571
741,Amy,Ropcke,Xilanqi,49349-910,636950
742,Nancy,Friman,Leles,36987-3165,968194
743,Caye,Hawkslee,Diadi,68382-027,510646
744,Tommi,Bassom,Tostado,37808-485,601889
745,Elisa,Donalson,Buka,54868-4442,849190
746,Melisa,McKellar,Liliba,24236-439,811779
747,Bessy,Champney,Bellavista,0363-0006,712156
748,Amabel,Mellmer,Rizal,68151-5051,512319
749,Kirstin,Preedy,Biny Selo,49884-535,842042
750,Amalee,Bordes,Santa Teresa,17630-2030,537485
751,Maribelle,Nelligan,Rostov-na-Donu,43598-317,745407
752,Bastian,Sybe,Kramsk,49999-248,621955
753,Stanley,Raffels,Rodionovo-Nesvetayskaya,55315-470,868152
754,Robenia,Loidl,Beo,50742-156,584031
755,Broddy,Holbury,La Paz,50458-659,634561
756,Ajay,Snashall,Idkū,42825-100,949758
757,Clarita,Kivelle,Pokhara,52584-910,887705
758,Leandra,Godball,Jinjiang,0591-3332,551122
759,Baldwin,Brumhead,Grugul,0268-1298,853109
760,Erica,Jerwood,Topolná,0075-8003,706606
761,Cooper,Eberdt,Itapemirim,49288-0013,501820
762,Myles,Sibbet,Ucluelet,63354-990,729742
763,Fabio,Eisikovitsh,Idenao,57884-2021,983985
764,Joyann,Covington,Sambogunung,76485-1013,861512
765,Pyotr,Spillman,Kuvshinovo,0024-1562,667272
766,Alfy,Enterle,Makamba,51824-011,629148
767,Meade,Schafer,Lodan Wetan,33261-068,974541
768,Ludovika,Carlone,Ganzi,0573-1916,987905
769,Sherie,Wheeler,Mapalacsiao,0078-0590,681966
770,Amy,Care,‘Alī al Gharbī,0406-1146,907054
771,Garrott,Glenn,Guajará Mirim,43772-0016,844367
772,Tildie,Uttridge,Purral,59779-987,896423
773,Artemis,Gambell,Balangiga,35000-874,974017
774,Janeczka,Foucher,Guingamp,68776-1005,586716
775,Celestyna,Foxwell,Erenhot,59915-2001,597887
776,Obadias,Danne,Robatal,0173-0752,660046
777,Elizabet,Mumby,Hostavice,55111-739,614654
778,Richard,Service,Sacsamarca,0722-6094,786027
779,Hetty,Addis,Negeriagung,49884-667,642183
780,Mortimer,Boulsher,Sigli,0054-0283,625962
781,Wheeler,Agiolfinger,Fort Worth,55264-011,664368
782,Charlie,Tourne,Aguiar da Beira,42549-535,925967
783,Constantino,Payler,Witbank,13537-601,604049
784,Shandee,Gwinn,Zvezdara,63824-916,605149
785,Robinett,Yelyashev,Bueng Khong Long,61657-0967,569103
786,Marlo,Killough,Zarzal,49288-0127,744804
787,Harli,Corbin,Asunción Mita,0006-0533,875202
788,Livia,Skures,Xiangcheng,51285-079,906868
789,Marcelline,Velden,Lumbangan,50184-2900,862986
790,Robinson,Riglar,Lipljan,55154-2175,643415
791,Constantine,Gallear,Beixinjie,0003-2328,974948
792,Douglas,Hanselmann,Makueni,0295-1183,852986
793,Dacy,Kamienski,Piedecuesta,76441-902,660821
794,Quill,Mostyn,Ketangi,45963-559,528709
795,Viviyan,Cockton,Antabamba,49738-399,623589
796,Elvera,Keedy,Fushan,0004-0186,690435
797,Lodovico,Tokley,Offa,63868-980,573105
798,Lora,Pagel,Torreira,52959-913,694425
799,Lorenza,Bucher,Rerawere,56062-302,878794
800,Carmel,Felix,Manouba,66993-662,997270
801,Vernor,Dibnah,Salaza,50730-7701,556603
802,Seth,McClifferty,Alajuela,0179-1026,865162
803,Sonnie,Szachniewicz,Jianguang,51645-851,561294
804,Ernie,Quaintance,Rešetari,0378-0551,555106
805,Herby,Wannop,An Nāşirīyah,65044-3203,977510
806,Isiahi,Menico,Kasembon,36987-2359,983719
807,Andros,Vasenin,Nuevo Arraiján,36987-1927,743832
808,Aindrea,Richel,Citangtu Kaler,57896-624,952310
809,Maure,MacRory,Soisy-sous-Montmorency,36987-2954,560029
810,Hildy,Clair,Bununu Kasa,67457-341,943668
811,Lynnell,Scown,Malec,0078-0344,649172
812,Aimee,Dilger,Cibolek Kidul,49884-512,521215
813,Britteny,Varvara,La Plata,36987-3192,945670
814,Papageno,Curneen,El Paso,10345-034,627805
815,Isaak,Baldassi,Xêgar,29500-2434,991677
816,Marjorie,Exton,Luan Balu,54575-372,987004
817,Ibrahim,Holworth,Póvoa,54868-0070,637097
818,Dominique,Pierse,Khorugh,16903-168,686585
819,Ava,Wrighton,Resende,65162-999,504466
820,Clifford,Maciunas,Orodo,43063-195,703112
821,Myrah,Schroter,Kramfors,75916-0636,599803
822,Aloysius,Almack,Phu Loc,51079-902,858397
823,Allene,Denslow,Komarno,55714-4631,902988
824,Lemmy,MacAne,Arras,54473-241,671011
825,Clevie,Pinard,Tarica,61312-001,903016
826,Monro,Markel,Risaralda,54569-5574,989490
827,Meryl,Klimochkin,Vysokovsk,63776-095,914504
828,Desdemona,Abdy,Ban Nahin,29500-2437,932297
829,Arnie,Else,Windsor,49738-310,507059
830,Abeu,Clemetts,Hongxing,14783-011,967552
831,Wilbur,Somerbell,Zalanga,53441-346,639361
832,Ellyn,Deetch,Sukapura,54569-0502,609616
833,Deeanne,Jimmison,Kuching,52959-398,771089
834,Luce,Churchard,Nanzhang Chengguanzhen,10345-018,737707
835,Katlin,Etches,Al Farwānīyah,0087-2771,914390
836,Edmon,Coolbear,Qinlan,23155-106,892330
837,Elianora,Guilloud,Fujishiro,57520-0157,562281
838,Jerrilee,Checci,Gorskaya,43547-257,894740
839,Arturo,Swinney,Chifeng,55253-073,958580
840,Ariana,Deverall,Queenstown,53807-152,948090
841,Leonie,Walles,Zhongshan,66582-320,665466
842,Jacquenette,Pendleberry,Nantes,63146-109,621764
843,Tabby,Matejovsky,Miyang,0591-3965,721230
844,Jennilee,Zoppie,Dusun Desa Bunter,60512-0014,743678
845,Philipa,Radborne,Nangkasari,53441-342,995955
846,Valera,Cremen,Anaheim,49981-003,972462
847,Yoshi,Dufty,Loureiro,60432-275,881645
848,Ignacius,von Nassau,Lille,0378-1452,527444
849,Warde,Bullimore,Jepara,52685-307,619743
850,Farrand,Shorter,Bayantal,0591-2159,686074
851,Addy,Genthner,Jeponkrajan,54340-701,993544
852,Addy,Figures,Buurhakaba,55910-392,541128
853,Jeremias,Gusticke,Zhaojia,41167-6050,709694
854,Dorie,Tollmache,Xinghe Chengguanzhen,61958-1701,862846
855,Jabez,Frary,Sajia,53346-1334,961812
856,Susann,Gadie,Giedlarowa,68788-9938,633962
857,Urbano,Beggini,Oslo,36800-153,827708
858,Gerrie,Darridon,Kalibaru,60429-105,992765
859,Dav,Aimeric,Huxu,10544-585,661047
860,Liam,Bertwistle,Épinal,0268-6178,938485
861,Giraldo,Darrington,Port Washington,42507-289,992420
862,Karney,Kunat,Megati Kelod,49738-917,701197
863,Rosabella,Lankford,Zhuozishan,60512-6998,908983
864,Alane,Dunphy,Kirzhach,53345-013,551364
865,Chas,Ruprich,Dongming Chengguanzhen,10742-8932,596288
866,Theodore,Emson,Karmai,68479-808,775786
867,Marius,Dellenbroker,El Parco District,0781-1072,627580
868,Hannah,Klaggeman,Kharkiv,0781-5175,750024
869,Ellissa,Wychard,Togu,66336-058,923866
870,Petrina,Raff,Shanjie,36987-1529,888047
871,Theresita,Umfrey,Cambarus,0406-8093,898441
872,Alex,Barajas,Changbao,21695-695,750957
873,Davy,McWhin,Kissimmee,31722-542,894535
874,Brooks,Jandera,Pataypampa,52125-504,616879
875,Siobhan,Southan,San Felipe,24488-024,511201
876,Tiffani,Vinsen,Chonchi,67345-0671,778684
877,Lauryn,Ranger,Krajan,59667-0062,895186
878,Lexine,Fewell,Qaryūt,66116-432,866042
879,Egor,Frossell,Uva,59726-165,918623
880,Cathyleen,Cottel,Jedlnia-Letnisko,48951-4095,512490
881,Dennie,Kunzelmann,Babakan,0093-2064,708207
882,Gae,Drane,Sundbyberg,63187-055,656898
883,Clovis,Henriquet,Chaumont,63323-398,523857
884,Jenda,Chesters,Quintela,0591-3739,745048
885,Valery,Lant,Kende,49967-425,777726
886,Eden,Stronack,Qiaole,52125-063,901801
887,Tildi,Burcombe,Jiuhua,54868-5821,755730
888,Mallory,Ruffle,Paso de Carrasco,42947-650,588983
889,Sasha,Sporrij,Magetlegar,64159-6989,925004
890,Jeff,Geharke,Berezniki,0113-0388,868202
891,Leonanie,Wesker,Salor,10147-0882,748958
892,Olenolin,Sprowson,Bimbo,51285-963,760162
893,Allyn,Caldow,Tours,75981-004,664402
894,Nickie,Wadlow,Babakankalong,55154-4550,669396
895,Prudi,Lillegard,Planaltina,57525-016,528182
896,Felicio,Blemen,Avaré,59875-1015,837919
897,Anna,Tulloch,Sharjah,14783-435,822420
898,Gwenore,Tomicki,Montague,35356-258,700769
899,Jody,Andersch,Hedong,68546-142,819756
900,Pearl,Aldwich,Ishimbay,37000-408,847302
901,Gawain,Sked,Bambous Virieux,63783-005,570819
902,Theresa,Naldrett,Kyzyldzhar,52345-3001,780092
903,Mureil,Coggles,Pajo,51523-105,547055
904,Dallas,McCartney,Phong Điền,55154-6982,968917
905,Claudetta,McDaid,Tagta,58118-0039,881608
906,Sula,Somerscales,Xigangzi,49349-729,623578
907,Rosamund,Kealy,Ţammūn,43825-102,970851
908,Wilfred,Swallow,Sil-li,62032-106,692002
909,Jessi,Sanchez,Pajo,16590-277,737344
910,Merla,Neilus,Chuqui Chuqui,0007-4407,988811
911,Danni,Bertson,Ipatinga,42254-030,697758
912,Merrilee,Grogan,Ichuña,13668-136,978210
913,Ellerey,Connochie,Yan Nawa,0409-1163,783239
914,Korey,Bowle,Jaroměřice,46123-027,967222
915,Orsola,Seelbach,Abeokuta,67777-246,838934
916,Sela,Odgers,Szeged,36987-1865,657100
917,Killian,Heaven,Smečno,67457-473,591122
918,Hope,Cello,Chinchero,10690-002,794116
919,Briano,Olivo,Velké Opatovice,76365-0101,636702
920,Ryun,Saunder,Al Maţarīyah,0173-0602,727311
921,Tiffy,Rayner,San Nicolas,54973-3122,534274
922,Flora,Euler,Arue,54569-5800,911096
923,Peggie,Glander,Qŭrghonteppa,45737-230,636615
924,Aili,Schaben,Xiadu,0378-0048,967833
925,Salomon,Sandle,Mtsamdou,0173-0453,981954
926,Mychal,Commin,Libertad,10812-456,520836
927,Lilah,Middleditch,Valongo,0004-0298,799920
928,Alexa,Swinburn,Hafrsfjord,49967-066,650768
929,Ariana,Hudel,Las Palomas,66689-038,753868
930,Katie,Mabb,Ronov nad Doubravou,59779-704,727482
931,Rahel,Sabine,Shilin,50111-648,949279
932,Guglielma,Alabaster,Noormarkku,51346-108,585995
933,Reinhold,Episcopio,Xiaoguai,64117-997,934909
934,Malinda,Maddick,Tbilisskaya,0085-1323,528314
935,Maude,Barratt,Liancheng,68084-740,817147
936,Nola,Bizley,San Pedro,43063-248,794198
937,Pammie,Puden,Tuchlovice,54868-5079,659994
938,Chrysler,Anselmi,Kirovs’k,54569-6336,653872
939,Everard,Rottenbury,San Teodoro,63736-196,819991
940,Tamera,Rappa,Bayanhongor,24385-986,547644
941,Dorena,Doone,Doong,68084-595,795558
942,Mellisa,Gilcrist,Huilong,49349-361,735965
943,Adelle,Talloe,Tsimkavichy,68462-427,508874
944,Melitta,Chung,Fucheng,66116-402,883099
945,Enrico,Krinks,Butterworth,60429-536,948664
946,Ezequiel,Hazael,Butiá,45156-5610,608952
947,Murray,Rosengart,Kumanovo,63304-162,551780
948,Hillie,Arlett,Batubantar,0378-3350,609793
949,Fonz,Sambedge,Lyubashivka,0187-0003,946838
950,Elane,Landsbury,Dongshan,69092-001,838418
951,Levin,Cammocke,Hanjiashu,68084-276,716411
952,Sholom,Chainey,Padre Nabeto,63187-038,999919
953,Sherwood,Garber,Jiamachi,0430-0537,543810
954,Kathryne,Baxster,Khandagayty,44183-890,557047
955,Lorne,Matthis,Hässleholm,30142-057,547135
956,Vevay,Karlowicz,Fuyong,51442-547,896784
957,Christie,Eagles,Spas’ke,76214-005,667946
958,Bordy,Bass,Gulbene,10742-8349,987499
959,Lazare,Denning,Selikhino,59762-5027,756973
960,Blondie,Pee,Velké Losiny,54569-2868,819003
961,Sollie,Gonoude,Hua Sai,54838-145,937062
962,Corina,Dullard,Skoroszyce,60681-1405,540786
963,Salomone,Magnay,Hengjing,36987-3406,879139
964,Gorden,Thormann,Diónysos,59779-092,888325
965,Nat,Scholling,Uuemõisa,65174-288,904217
966,Felipe,McNeice,Cibuah,43742-0024,775397
967,Ameline,Dorro,Rossosh’,63824-234,932361
968,Modestia,Accombe,Shibīn al Qanāţir,41520-476,937677
969,Antonetta,Eberz,Huoqiu Chengguanzhen,46987-328,596271
970,Jehanna,Humphery,Zhelin,55154-5053,824127
971,Karalee,Filmer,Tolstoy-Yurt,49884-949,677890
972,Codi,Aggott,Chaniá,49371-044,739789
973,Orsola,Pflieger,Brokopondo,0268-1511,702245
974,Guilbert,Goater,Beixinjie,59779-664,989700
975,Stanly,Buffham,Huilong,60681-5302,847911
976,Ulrika,Belford,Independencia,10237-626,794445
977,Dominick,Gabbatiss,Xichang,55316-622,957320
978,Candis,Scorey,Hongjiaguan,25280-004,948263
979,Reina,Bohlens,Bandjoun,62900-4012,587671
980,Sharleen,Gobell,Telbang,63304-626,882147
981,Katy,Padillo,Shiren,42192-151,654550
982,Erica,Sinclaire,Rey,61787-064,820105
983,Marlon,Goodrum,Nawá,59900-118,602748
984,Valentine,Broadbridge,Krajan Satu,52686-642,517763
985,Marlin,Barriball,Vila Nova de Gaia,54868-6256,976906
986,Mario,Bennallck,Kitob,42002-211,808802
987,Tiebold,Duffill,Al Qārah,41520-863,588173
988,Kaycee,Malec,Węgry,58166-001,506927
989,Cody,Gowrich,Bagé,55154-9426,836548
990,Norman,Radnage,Mina de São Domingos,0268-1106,993875
991,Les,Whitehorn,Arauca,17478-290,876467
992,Constancy,Begent,Cigeulis,54575-131,508028
993,Rycca,Mannie,Ciechocin,10812-392,653297
994,Stacee,Dehmel,Meirinhas,63187-099,562064
995,Blake,Calafato,Oganlima,50436-3845,950510
996,Natasha,Bernth,Sut-Khol’,37808-082,975019
997,Gavin,Roussell,Heqian,24208-453,758836
998,Earle,Follacaro,Tatarbunary,36987-3349,571638
999,Abagail,Stroobant,Guanzhuang,0591-3611,535501
1000,Baxter,Rehor,San Jose,0703-4075,975053
